timestamp,open,high,low,close,volume,SMA10,SMA20,Return,Volatility,trend
2025-01-01 00:00:00,100.4,101.09,99.94,100.4,674,,,,,neutral
2025-01-01 01:00:00,100.4,100.75,99.63,100.29,636,,,-0.10956175298805215,,neutral
2025-01-01 02:00:00,100.29,101.76,99.41,100.8,1725,,,0.5085252766975579,,neutral
2025-01-01 03:00:00,100.8,102.79,99.85,102.02,2222,,,1.210317460317456,,neutral
2025-01-01 04:00:00,102.02,102.62,101.6,101.84,485,,,-0.17643599294255852,,neutral
2025-01-01 05:00:00,101.84,102.49,100.71,101.65,3381,,,-0.1865671641790967,,neutral
2025-01-01 06:00:00,101.65,103.39,101.11,102.91,574,,,1.239547466797819,,neutral
2025-01-01 07:00:00,102.91,103.85,102.58,103.53,517,,,0.6024681760761874,,neutral
2025-01-01 08:00:00,103.53,103.95,102.64,103.15,3700,,,-0.36704336907176227,,neutral
2025-01-01 09:00:00,103.15,104.37,102.17,103.58,1054,102.01700000000001,,0.41686863790595385,,neutral
2025-01-01 10:00:00,103.58,103.7,102.67,103.21,4958,102.298,,-0.3572118169530847,,neutral
2025-01-01 11:00:00,103.21,103.42,102.45,102.84,1305,102.553,,-0.35849239414784684,,neutral
2025-01-01 12:00:00,102.84,103.18,102.17,103.03,4859,102.776,,0.18475301439129233,,neutral
2025-01-01 13:00:00,103.03,103.17,101.19,101.5,4220,102.724,,-1.4850043676599034,,neutral
2025-01-01 14:00:00,101.5,102.37,99.96,100.12,2090,102.55199999999999,,-1.3596059113300418,,neutral
2025-01-01 15:00:00,100.12,100.86,99.46,99.67,4905,102.354,,-0.449460647223332,,neutral
2025-01-01 16:00:00,99.67,100.2,98.65,98.86,3672,101.949,,-0.8126818501053457,,neutral
2025-01-01 17:00:00,98.86,99.3,98.63,99.12,4480,101.508,,0.26299817924337887,,neutral
2025-01-01 18:00:00,99.12,99.66,98.16,98.39,4258,101.032,,-0.7364810330912075,,neutral
2025-01-01 19:00:00,98.39,98.92,96.58,97.26,4857,100.4,101.2085,-1.1484907002744182,,downtrend
2025-01-01 20:00:00,97.26,98.69,97.0,98.43,2813,99.922,101.11,1.2029611351017877,0.8081657167694741,downtrend
2025-01-01 21:00:00,98.43,98.92,97.84,98.25,2303,99.463,101.00800000000001,-0.18287107589149976,0.8083970142337165,downtrend
2025-01-01 22:00:00,98.25,98.76,97.34,98.31,3220,98.99100000000001,100.8835,0.0610687022900791,0.7967896206739405,downtrend
2025-01-01 23:00:00,98.31,98.96,96.64,97.17,1066,98.558,100.641,-1.1595971925541626,0.7637671342392508,downtrend
2025-01-02 00:00:00,97.17,97.84,96.03,96.73,3532,98.21900000000001,100.38550000000001,-0.4528146547288281,0.7650469018242354,downtrend
2025-01-02 01:00:00,96.73,96.96,96.47,96.82,788,97.934,100.144,0.09304248940347204,0.7688945884028866,downtrend
2025-01-02 02:00:00,96.82,97.26,95.62,95.9,4343,97.638,99.7935,-0.9502168973352432,0.6998890367978282,downtrend
2025-01-02 03:00:00,95.9,96.86,95.76,96.2,3801,97.346,99.42699999999999,0.31282586027110426,0.6819136304432293,downtrend
2025-01-02 04:00:00,96.2,96.75,95.47,95.72,441,97.079,99.05550000000001,-0.498960498960499,0.6825795041355498,downtrend
2025-01-02 05:00:00,95.72,96.59,95.13,95.48,1824,96.901,98.6505,-0.2507312996238964,0.657907344552085,downtrend
2025-01-02 06:00:00,95.48,96.18,94.74,95.0,4522,96.558,98.24,-0.5027230833682506,0.6581643335793731,downtrend
2025-01-02 07:00:00,95.0,96.73,94.82,96.48,1892,96.381,97.922,1.5578947368421137,0.7921521904695296,downtrend
2025-01-02 08:00:00,96.48,96.65,96.27,96.47,1859,96.197,97.59400000000001,-0.010364842454402279,0.7868480659501167,downtrend
2025-01-02 09:00:00,96.47,97.15,95.11,95.63,3312,96.043,97.3005,-0.8707370166891271,0.750346802622092,downtrend
2025-01-02 10:00:00,95.63,96.41,95.34,96.29,1089,95.999,97.109,0.6901599916344425,0.7371148441603536,downtrend
2025-01-02 11:00:00,96.29,96.91,94.88,95.31,2362,95.848,96.891,-1.0177588534635018,0.7582034434494206,downtrend
2025-01-02 12:00:00,95.31,96.42,94.76,95.48,2582,95.806,96.72200000000001,0.17836533417270317,0.7498149572893623,downtrend
2025-01-02 13:00:00,95.48,96.09,93.19,93.91,1051,95.577,96.4615,-1.6443234185169797,0.8105292945466169,downtrend
2025-01-02 14:00:00,93.91,94.36,92.71,92.85,822,95.28999999999999,96.1845,-1.1287402832499183,0.8270775911306367,downtrend
2025-01-02 15:00:00,92.85,93.68,92.03,93.0,3489,95.042,95.9715,0.1615508885298933,0.8068115986464213,downtrend
2025-01-02 16:00:00,93.0,94.11,92.34,93.59,2179,94.901,95.7295,0.634408602150538,0.7628308314435114,downtrend
2025-01-02 17:00:00,93.59,94.32,93.42,93.73,2817,94.626,95.5035,0.14958863126401933,0.7679534467642136,downtrend
2025-01-02 18:00:00,93.73,94.68,92.75,93.64,2432,94.34299999999999,95.27000000000001,-0.09602048437000743,0.7655936151422857,downtrend
2025-01-02 19:00:00,93.64,94.09,92.47,93.4,3476,94.11999999999999,95.08149999999999,-0.2563007261853878,0.7345178496175756,downtrend
2025-01-02 20:00:00,93.4,94.36,92.06,92.22,4624,93.713,94.85600000000001,-1.2633832976445492,0.7709456241309558,downtrend
2025-01-02 21:00:00,92.22,93.13,91.29,91.64,1600,93.346,94.59700000000001,-0.6289308176100628,0.7716488259645595,downtrend
2025-01-02 22:00:00,91.64,91.92,90.45,91.27,385,92.925,94.36550000000001,-0.4037538192928847,0.7558731430253748,downtrend
2025-01-02 23:00:00,91.27,92.28,90.5,92.12,3595,92.746,94.1615,0.9313027281691699,0.7916733266029387,downtrend
2025-01-03 00:00:00,92.12,92.58,91.85,92.39,2165,92.7,93.995,0.29309596178896946,0.7964370526693317,downtrend
2025-01-03 01:00:00,92.39,92.51,90.69,90.98,868,92.498,93.77000000000001,-1.5261391925532997,0.8520352879801887,downtrend
2025-01-03 02:00:00,90.98,91.43,90.55,91.24,3157,92.263,93.58200000000001,0.2857770938667681,0.8573499255035533,downtrend
2025-01-03 03:00:00,91.24,91.96,90.4,90.93,4389,91.983,93.30449999999999,-0.3397632617272994,0.7512090795307246,downtrend
2025-01-03 04:00:00,90.93,91.1,89.73,90.39,2261,91.658,93.0005,-0.5938634114153851,0.7509812672626351,downtrend
2025-01-03 05:00:00,90.39,91.27,89.96,90.88,3393,91.406,92.763,0.5420953645314697,0.7630272221454106,downtrend
2025-01-03 06:00:00,90.88,92.57,90.36,91.7,1046,91.354,92.5335,0.902288732394374,0.7781324171862328,downtrend
2025-01-03 07:00:00,91.7,92.57,90.93,92.45,3435,91.435,92.3905,0.8178844056706547,0.7898636202312044,uptrend
2025-01-03 08:00:00,92.45,93.28,91.65,91.78,4250,91.486,92.2055,-0.7247160627366189,0.7959393778149536,downtrend
2025-01-03 09:00:00,91.78,92.13,91.2,91.53,4995,91.42699999999999,92.0865,-0.2723904990193926,0.7198887730131146,downtrend
2025-01-03 10:00:00,91.53,92.0,90.79,91.8,4973,91.36800000000001,92.03399999999999,0.2949852507374562,0.68504243838645,downtrend
2025-01-03 11:00:00,91.8,93.3,90.89,92.58,1581,91.52799999999999,92.013,0.8496732026143761,0.7131735023464851,uptrend
2025-01-03 12:00:00,92.58,93.24,91.63,92.19,2001,91.623,91.94300000000001,-0.4212572909915724,0.7011384873261753,uptrend
2025-01-03 13:00:00,92.19,93.08,91.47,92.04,3551,91.734,91.8585,-0.16270745200128722,0.6993959447502015,uptrend
2025-01-03 14:00:00,92.04,92.81,90.96,91.16,4164,91.811,91.7345,-0.9561060408518118,0.7258190561687534,downtrend
2025-01-03 15:00:00,91.16,91.98,89.7,90.2,154,91.743,91.5745,-1.0530934620447518,0.7543310761488647,downtrend
2025-01-03 16:00:00,90.2,91.21,89.62,90.85,1923,91.658,91.506,0.7206208425720506,0.7333395453716327,downtrend
2025-01-03 17:00:00,90.85,92.2,90.53,91.94,3562,91.607,91.52099999999999,1.1997798569070017,0.7731993601238697,uptrend
2025-01-03 18:00:00,91.94,92.71,91.54,91.88,3179,91.617,91.5515,-0.06525995214270441,0.7671352080565995,uptrend
2025-01-03 19:00:00,91.88,93.51,91.44,92.68,932,91.732,91.57950000000001,0.8707009142359778,0.763524394096191,uptrend
2025-01-03 20:00:00,92.68,93.96,92.56,92.97,4508,91.849,91.60849999999999,0.3129046180405659,0.7638921939180099,uptrend
2025-01-03 21:00:00,92.97,93.44,92.07,92.46,2906,91.837,91.68249999999999,-0.5485640529202973,0.686122595960984,uptrend
2025-01-03 22:00:00,92.46,93.18,92.17,92.75,2590,91.893,91.758,0.31364914557647783,0.6865843978291202,uptrend
2025-01-03 23:00:00,92.75,94.77,92.35,93.98,427,92.087,91.9105,1.3261455525606536,0.731976749694202,uptrend
2025-01-04 00:00:00,93.98,94.38,93.74,93.95,3410,92.366,92.0885,-0.031921685464997296,0.7117125188452418,uptrend
2025-01-04 01:00:00,93.95,96.14,93.05,95.2,3400,92.86600000000001,92.3045,1.3304949441192093,0.7525673432409065,uptrend
2025-01-04 02:00:00,95.2,96.07,92.47,93.1,3775,93.091,92.3745,-2.205882352941191,0.9116600674109014,uptrend
2025-01-04 03:00:00,93.1,94.25,92.39,93.76,3154,93.273,92.44,0.7089151450053732,0.9073318171106632,uptrend
2025-01-04 04:00:00,93.76,94.61,92.95,93.83,2243,93.46799999999999,92.54249999999999,0.07465870307166167,0.887675714504322,uptrend
2025-01-04 05:00:00,93.83,94.61,93.04,93.59,1411,93.559,92.6455,-0.2557817329212342,0.8873026407684989,uptrend
2025-01-04 06:00:00,93.59,93.86,93.41,93.66,3291,93.628,92.7385,0.07479431563199856,0.8863186483794644,uptrend
2025-01-04 07:00:00,93.66,94.58,91.49,92.07,2638,93.58900000000001,92.713,-1.6976297245355543,0.9539807693358492,downtrend
2025-01-04 08:00:00,92.07,92.63,91.27,91.9,4083,93.504,92.6985,-0.18464212012597736,0.9502453395980329,downtrend
2025-01-04 09:00:00,91.9,93.03,91.13,92.18,4647,93.324,92.7055,0.304678998911867,0.9520750357035702,downtrend
2025-01-04 10:00:00,92.18,93.75,91.7,93.37,264,93.26599999999999,92.816,1.2909524842699138,0.9643340425209445,uptrend
2025-01-04 11:00:00,93.37,94.27,92.74,92.95,4377,93.04100000000001,92.95349999999999,-0.4498232837099714,0.9345434328933248,downtrend
2025-01-04 12:00:00,92.95,93.4,91.95,92.31,922,92.962,93.0265,-0.6885422270037633,0.9426956608212707,downtrend
2025-01-04 13:00:00,92.31,92.41,91.48,91.9,1043,92.77600000000001,93.0245,-0.4441555627775928,0.9114367855483428,downtrend
2025-01-04 14:00:00,91.9,93.55,91.22,92.64,4525,92.65700000000001,93.0625,0.8052230685527739,0.9286876598680004,downtrend
2025-01-04 15:00:00,92.64,93.08,92.02,92.9,874,92.588,93.07350000000001,0.28065630397238195,0.9102765122177859,downtrend
2025-01-04 16:00:00,92.9,93.29,92.05,92.48,2298,92.47,93.049,-0.45209903121636863,0.9132034433951827,downtrend
2025-01-04 17:00:00,92.48,93.84,91.49,92.89,3256,92.552,93.07050000000001,0.44333910034601853,0.9100557346011773,downtrend
2025-01-04 18:00:00,92.89,93.92,92.24,92.96,4342,92.658,93.081,0.07535795026374359,0.9076641851985825,downtrend
2025-01-04 19:00:00,92.96,94.35,92.65,93.74,3795,92.81400000000001,93.069,0.839070567986222,0.8766440057964549,uptrend
2025-01-04 20:00:00,93.74,94.41,92.99,93.18,3552,92.795,93.0305,-0.597397055685922,0.8864819591465914,uptrend
2025-01-04 21:00:00,93.18,93.68,92.68,92.91,1014,92.791,92.916,-0.2897617514488249,0.8269307182155448,downtrend
2025-01-04 22:00:00,92.91,93.28,92.28,92.6,1408,92.82000000000001,92.891,-0.33365622645571413,0.6690912040337297,downtrend
2025-01-04 23:00:00,92.6,93.0,91.19,91.43,4277,92.773,92.7745,-1.263498920086381,0.6999069537475144,downtrend
2025-01-05 00:00:00,91.43,92.37,91.16,91.67,613,92.676,92.6665,0.26249589850158017,0.7039532804292328,downtrend
2025-01-05 01:00:00,91.67,92.65,91.31,91.88,2020,92.574,92.58099999999999,0.22908257881530947,0.7071560327649623,downtrend
2025-01-05 02:00:00,91.88,92.69,91.62,91.88,3694,92.514,92.492,0.0,0.7064373109480944,downtrend
2025-01-05 03:00:00,91.88,92.69,90.79,91.69,4941,92.39399999999999,92.473,-0.20679146713104002,0.5987067062736885,downtrend
2025-01-05 04:00:00,91.69,91.87,90.39,90.56,1509,92.154,92.406,-1.232413567455548,0.6569723167331771,downtrend
2025-01-05 05:00:00,90.56,91.1,89.65,90.22,4902,91.80199999999999,92.308,-0.3754416961130769,0.6540789598534485,downtrend
2025-01-05 06:00:00,90.22,90.38,89.48,89.95,4666,91.479,92.137,-0.29926845488804643,0.5661507134590376,downtrend
2025-01-05 07:00:00,89.95,90.54,88.32,89.31,3290,91.119,91.95500000000001,-0.711506392440242,0.5755419352616445,downtrend
2025-01-05 08:00:00,89.31,89.8,88.98,89.18,4591,90.777,91.7985,-0.14556040756913413,0.5638710659965686,downtrend
2025-01-05 09:00:00,89.18,90.4,88.72,89.5,1655,90.58399999999999,91.67850000000001,0.3588248486207535,0.5719140275786643,downtrend
2025-01-05 10:00:00,89.5,91.43,88.53,91.01,904,90.518,91.59700000000001,1.6871508379888267,0.6729475421978461,downtrend
2025-01-05 11:00:00,91.01,91.36,90.13,91.15,1379,90.44500000000001,91.50949999999999,0.1538292495330218,0.6698955797686332,downtrend
2025-01-05 12:00:00,91.15,91.59,90.31,91.36,3677,90.393,91.4535,0.23038946791003045,0.6680159517894417,downtrend
2025-01-05 13:00:00,91.36,92.14,90.96,91.3,3001,90.35400000000001,91.374,-0.06567425569177221,0.6574921341529704,downtrend
2025-01-05 14:00:00,91.3,91.95,89.51,89.76,1487,90.274,91.214,-1.6867469879518038,0.7469564269549487,downtrend
2025-01-05 15:00:00,89.76,89.95,89.04,89.74,4788,90.226,91.014,-0.022281639928711794,0.7094622727868295,downtrend
2025-01-05 16:00:00,89.74,89.96,88.8,89.79,2861,90.21000000000001,90.8445,0.055716514374881676,0.705976998180456,downtrend
2025-01-05 17:00:00,89.79,92.49,89.19,91.76,2779,90.455,90.787,2.1940082414522832,0.8825431965630367,uptrend
2025-01-05 18:00:00,91.76,91.92,90.99,91.61,2206,90.69800000000001,90.7375,-0.16346992153444262,0.8805694866089647,uptrend
2025-01-05 19:00:00,91.61,92.69,91.25,91.85,4323,90.933,90.7585,0.261980133173223,0.8348092693651366,uptrend
2025-01-05 20:00:00,91.85,92.58,91.03,91.82,4931,91.01400000000001,90.76599999999999,-0.03266194882961537,0.8330194415741194,uptrend
2025-01-05 21:00:00,91.82,91.99,90.62,90.88,2868,90.987,90.71600000000001,-1.0237421041167427,0.8623806513218256,uptrend
2025-01-05 22:00:00,90.88,91.97,90.49,91.8,4053,91.031,90.712,1.0123239436619746,0.8946476711267964,uptrend
2025-01-05 23:00:00,91.8,93.39,91.32,92.4,3286,91.14099999999999,90.7475,0.65359477124185,0.9048372969120173,uptrend
2025-01-06 00:00:00,92.4,93.47,91.84,93.03,3380,91.46799999999999,90.87100000000001,0.6818181818181834,0.8631695219409301,uptrend
2025-01-06 01:00:00,93.03,93.47,91.99,92.31,2673,91.725,90.9755,-0.7739438890680406,0.8800831519850144,uptrend
2025-01-06 02:00:00,92.31,94.26,92.1,93.43,4716,92.089,91.1495,1.2133030007583256,0.9068986996119217,uptrend
2025-01-06 03:00:00,93.43,94.38,91.66,92.31,2699,92.144,91.2995,-1.198758428770208,0.9384947135789913,uptrend
2025-01-06 04:00:00,92.31,93.76,91.95,92.78,4133,92.261,91.4795,0.5091539378182297,0.9383450407032584,uptrend
2025-01-06 05:00:00,92.78,95.31,92.15,94.53,336,92.529,91.731,1.8861823668894218,1.011092082655213,uptrend
2025-01-06 06:00:00,94.53,94.97,93.5,93.74,1404,92.721,91.86749999999999,-0.8357135300962715,0.9831024201465265,uptrend
2025-01-06 07:00:00,93.74,93.91,92.75,93.28,3530,92.96099999999998,91.974,-0.4907190100277292,0.9935642682016437,uptrend
2025-01-06 08:00:00,93.28,94.16,92.7,93.36,1401,93.11699999999999,92.074,0.08576329331047017,0.9932466289412998,uptrend
2025-01-06 09:00:00,93.36,93.96,92.81,92.96,2641,93.173,92.157,-0.42844901456727813,0.9999711978611285,uptrend
2025-01-06 10:00:00,92.96,93.44,91.32,91.72,2151,93.042,92.255,-1.3339070567986222,0.9695339902031761,downtrend
2025-01-06 11:00:00,91.72,92.69,91.5,91.77,541,92.988,92.3565,0.05451373746183652,0.9691240463043989,downtrend
2025-01-06 12:00:00,91.77,91.97,90.77,90.92,2176,92.737,92.413,-0.9262286150157895,0.9968347061546733,downtrend
2025-01-06 13:00:00,90.92,91.85,89.93,91.3,3280,92.636,92.39,0.41794984601848384,0.8682131781196676,downtrend
2025-01-06 14:00:00,91.3,91.41,90.18,90.57,2757,92.41499999999999,92.338,-0.7995618838992358,0.885170761197019,downtrend
2025-01-06 15:00:00,90.57,92.33,89.74,91.81,3898,92.143,92.336,1.369106768245576,0.9389157596565672,downtrend
2025-01-06 16:00:00,91.81,91.96,90.85,91.18,904,91.887,92.304,-0.6861997603746839,0.9514741122467081,downtrend
2025-01-06 17:00:00,91.18,91.39,90.21,90.92,174,91.651,92.306,-0.2851502522483007,0.9248629263118912,downtrend
2025-01-06 18:00:00,90.92,91.78,90.14,91.57,2275,91.47200000000001,92.2945,0.7149142102947481,0.9101086431416379,downtrend
2025-01-06 19:00:00,91.57,92.26,89.95,90.59,4024,91.235,92.204,-1.0702195042044171,0.9255882130701626,downtrend
2025-01-06 20:00:00,90.59,91.54,90.06,90.77,2189,91.14,92.091,0.19869742797218315,0.9104332365392975,downtrend
2025-01-06 21:00:00,90.77,92.44,90.3,91.82,140,91.145,92.06649999999999,1.1567698578825558,0.9392325448817648,downtrend
2025-01-06 22:00:00,91.82,92.78,90.12,90.53,2181,91.10600000000001,91.9215,-1.4049226747985144,0.940394787315106,downtrend
2025-01-06 23:00:00,90.53,91.12,89.59,90.68,4783,91.044,91.84,0.1656909311830379,0.9095486660487442,downtrend
2025-01-07 00:00:00,90.68,91.24,89.83,90.89,1722,91.076,91.7455,0.23158359064843204,0.9020907324368526,downtrend
2025-01-07 01:00:00,90.89,92.39,89.92,91.51,441,91.04599999999999,91.59450000000001,0.682143250082512,0.7966491820861362,downtrend
2025-01-07 02:00:00,91.51,91.81,90.31,90.52,4152,90.97999999999999,91.43350000000001,-1.0818489782537521,0.8094485267353284,downtrend
2025-01-07 03:00:00,90.52,91.49,88.71,89.47,2174,90.835,91.24300000000001,-1.159964648696421,0.8367132939394958,downtrend
2025-01-07 04:00:00,89.47,89.99,88.52,89.88,745,90.666,91.06899999999999,0.45825416340672387,0.8476001279173345,downtrend
2025-01-07 05:00:00,89.88,91.09,89.62,90.12,4926,90.619,90.927,0.2670226969292422,0.8514023250980385,downtrend
2025-01-07 06:00:00,90.12,90.46,89.96,90.32,4363,90.574,90.857,0.2219263204615851,0.8076402752054272,downtrend
2025-01-07 07:00:00,90.32,91.5,89.55,90.6,709,90.452,90.7985,0.3100088573959159,0.8117862769879158,downtrend
2025-01-07 08:00:00,90.6,91.17,89.44,90.05,554,90.404,90.755,-0.6070640176600417,0.796882583640232,downtrend
2025-01-07 09:00:00,90.05,91.23,89.2,90.24,3053,90.36,90.702,0.210993892282052,0.7918820382595544,downtrend
2025-01-07 10:00:00,90.24,90.64,90.01,90.47,1808,90.31800000000001,90.69699999999999,0.2548758865248191,0.7746425099999691,downtrend
2025-01-07 11:00:00,90.47,91.07,89.09,89.9,3572,90.15700000000001,90.6015,-0.6300431082126634,0.7150027034600329,downtrend
2025-01-07 12:00:00,89.9,92.37,89.62,91.4,3069,90.24499999999999,90.6125,1.6685205784204626,0.8023819054099701,uptrend
2025-01-07 13:00:00,91.4,92.35,91.15,91.77,3128,90.475,90.655,0.4048140043763526,0.8036243222037941,uptrend
2025-01-07 14:00:00,91.77,92.44,90.57,90.82,4897,90.569,90.6175,-1.0351966873705987,0.8224306769959491,uptrend
2025-01-07 15:00:00,90.82,92.07,89.99,91.35,2781,90.692,90.65549999999999,0.583571900462454,0.7958853955920898,uptrend
2025-01-07 16:00:00,91.35,91.86,89.87,90.57,3729,90.717,90.6455,-0.8538587848932688,0.819618961776824,downtrend
2025-01-07 17:00:00,90.57,91.86,90.0,91.2,4325,90.777,90.61449999999999,0.6955945677376674,0.7911218915205646,uptrend
2025-01-07 18:00:00,91.2,92.75,90.77,92.12,3167,90.984,90.694,1.008771929824559,0.753701807197005,uptrend
2025-01-07 19:00:00,92.12,93.03,90.58,91.47,1486,91.107,90.7335,-0.7056013894919722,0.7739913826019957,uptrend
2025-01-07 20:00:00,91.47,92.38,91.01,92.24,3876,91.28399999999999,90.801,0.8418060566305785,0.7934655213744883,uptrend
2025-01-07 21:00:00,92.24,92.92,91.4,92.57,2966,91.551,90.854,0.3577623590633072,0.7836943576160842,uptrend
2025-01-07 22:00:00,92.57,94.18,92.07,93.23,4888,91.734,90.98949999999999,0.712973965647623,0.7479441882453214,uptrend
2025-01-07 23:00:00,93.23,95.64,92.79,94.74,3463,92.03099999999999,91.253,1.6196503271479035,0.7499159511682878,uptrend
2025-01-08 00:00:00,94.74,95.25,94.03,94.55,4989,92.404,91.4865,-0.20054887059319793,0.756540948735773,uptrend
2025-01-08 01:00:00,94.55,95.21,93.57,93.94,4224,92.663,91.6775,-0.6451612903225823,0.7828975080934972,uptrend
2025-01-08 02:00:00,93.94,94.29,92.46,93.23,248,92.929,91.82300000000001,-0.7558015754737024,0.8121389378018627,uptrend
2025-01-08 03:00:00,93.23,93.5,92.03,92.58,3950,93.067,91.922,-0.6972004719510982,0.8334147496875001,uptrend
2025-01-08 04:00:00,92.58,93.1,92.21,92.52,2158,93.107,92.0455,-0.06480881399870686,0.8174779290959553,uptrend
2025-01-08 05:00:00,92.52,93.21,91.61,92.79,1236,93.239,92.173,0.29182879377434023,0.8180545522372002,uptrend
2025-01-08 06:00:00,92.79,93.64,92.35,93.01,286,93.316,92.3,0.23709451449509533,0.817935758575889,uptrend
2025-01-08 07:00:00,93.01,93.84,92.42,93.67,2954,93.426,92.4885,0.709601118159342,0.8061777462859162,uptrend
2025-01-08 08:00:00,93.67,94.66,92.76,93.68,1350,93.47099999999999,92.60249999999999,0.010675776662760761,0.7297877300233359,uptrend
2025-01-08 09:00:00,93.68,95.83,93.02,94.85,1433,93.482,92.75649999999999,1.2489325362937453,0.7700706157267738,uptrend
2025-01-08 10:00:00,94.85,95.58,94.43,94.64,4293,93.491,92.9475,-0.22140221402213722,0.7232237063435764,uptrend
2025-01-08 11:00:00,94.64,97.39,93.69,96.81,4250,93.778,93.2205,2.2928994082840326,0.8582505676869081,uptrend
2025-01-08 12:00:00,96.81,97.69,96.15,97.31,2811,94.186,93.5575,0.5164755707055102,0.8154066432579135,uptrend
2025-01-08 13:00:00,97.31,98.14,96.23,96.63,4953,94.591,93.82900000000001,-0.6987976569725718,0.8445350655115986,uptrend
2025-01-08 14:00:00,96.63,97.34,95.54,95.77,4601,94.916,94.0115,-0.8899927558729148,0.8662765365590428,uptrend
2025-01-08 15:00:00,95.77,96.4,94.96,96.16,1885,95.253,94.246,0.4072256447739342,0.8405381587491423,uptrend
2025-01-08 16:00:00,96.16,97.08,95.32,95.98,850,95.55,94.43299999999999,-0.18718801996671086,0.8341107638333437,uptrend
2025-01-08 17:00:00,95.98,97.39,95.4,96.55,1862,95.838,94.63199999999999,0.5938737236924396,0.8380896395520546,uptrend
2025-01-08 18:00:00,96.55,97.88,95.64,96.93,4020,96.163,94.817,0.39357845675815906,0.8310954690410934,uptrend
2025-01-08 19:00:00,96.93,97.68,96.06,96.87,4560,96.365,94.9235,-0.06190034045187032,0.7618850889727761,uptrend
2025-01-08 20:00:00,96.87,97.52,95.95,96.19,581,96.52000000000001,95.0055,-0.7019717146691473,0.7807949922957345,uptrend
2025-01-08 21:00:00,96.19,96.67,94.6,94.98,253,96.337,95.05749999999999,-1.2579270194406855,0.8220480240007058,downtrend
2025-01-08 22:00:00,94.98,95.92,94.3,94.62,1624,96.06800000000001,95.127,-0.37902716361338795,0.8065822038015336,downtrend
2025-01-08 23:00:00,94.62,96.19,93.85,95.31,2220,95.936,95.2635,0.7292327203550997,0.7975266644139675,uptrend
2025-01-09 00:00:00,95.31,95.62,95.18,95.48,2443,95.90700000000001,95.4115,0.17836533417270317,0.7959568977620163,uptrend
2025-01-09 01:00:00,95.48,95.6,93.87,94.48,1340,95.739,95.49600000000001,-1.0473397570171739,0.8394726550654926,downtrend
2025-01-09 02:00:00,94.48,95.06,93.7,94.62,160,95.60300000000001,95.5765,0.1481795088907667,0.8389080940759429,downtrend
2025-01-09 03:00:00,94.62,95.76,93.73,94.93,1038,95.441,95.6395,0.32762629465230564,0.8283211927227112,downtrend
2025-01-09 04:00:00,94.93,95.92,93.81,94.22,1739,95.17,95.6665,-0.7479195196460675,0.8483115981625786,downtrend
2025-01-09 05:00:00,94.22,94.58,93.38,94.34,4220,94.917,95.64099999999999,0.12736149437486688,0.7992963866306736,downtrend
2025-01-09 06:00:00,94.34,95.03,94.14,94.39,4326,94.737,95.6285,0.052999788000840375,0.7980825366641919,downtrend
2025-01-09 07:00:00,94.39,94.83,92.61,93.48,3669,94.587,95.462,-0.9640851785146731,0.6146000611379017,downtrend
2025-01-09 08:00:00,93.48,94.74,93.26,93.76,1352,94.501,95.28450000000001,0.2995293110825914,0.6036057825545551,downtrend
2025-01-09 09:00:00,93.76,95.07,93.31,94.21,4303,94.391,95.1635,0.47994880546073926,0.6082149549994775,downtrend
2025-01-09 10:00:00,94.21,95.93,93.39,95.08,271,94.351,95.12899999999999,0.923468846194675,0.6231549928378081,downtrend
2025-01-09 11:00:00,95.08,96.44,94.84,95.92,1558,94.495,95.117,0.8834665544804388,0.6494584607927625,uptrend
2025-01-09 12:00:00,95.92,96.39,94.51,94.82,3649,94.515,95.059,-1.1467889908256979,0.6969122870068357,downtrend
2025-01-09 13:00:00,94.82,95.16,93.32,94.07,4297,94.429,94.935,-0.7909723686985837,0.6974832684238683,downtrend
2025-01-09 14:00:00,94.07,94.63,93.32,94.48,2422,94.455,94.8125,0.4358456468587235,0.6992077910093223,downtrend
2025-01-09 15:00:00,94.48,95.77,93.8,94.89,1736,94.51,94.7135,0.4339542760372517,0.710288464083226,uptrend
2025-01-09 16:00:00,94.89,96.14,94.17,95.3,3215,94.601,94.66900000000001,0.432079249657491,0.7050173440241118,uptrend
2025-01-09 17:00:00,95.3,99.39,94.72,98.39,4190,95.092,94.83950000000002,3.242392444910802,0.9667894077782773,uptrend
2025-01-09 18:00:00,98.39,99.84,98.06,98.84,3104,95.6,95.0505,0.4573635532066245,0.9593545823428589,uptrend
2025-01-09 19:00:00,98.84,100.35,98.43,99.75,429,96.154,95.27250000000001,0.9206798866855381,0.9656090918884367,uptrend
2025-01-09 20:00:00,99.75,101.31,99.49,100.51,3740,96.697,95.524,0.7619047619047636,0.9726836110126694,uptrend
2025-01-09 21:00:00,100.51,101.99,99.6,101.04,3994,97.20899999999999,95.852,0.5273107153517032,0.9236603512648166,uptrend
2025-01-09 22:00:00,101.04,101.9,100.16,100.78,4207,97.805,96.16,-0.257323832145695,0.9325058388862727,uptrend
2025-01-09 23:00:00,100.78,101.71,100.32,101.39,1441,98.537,96.483,0.6052788251637242,0.9346904669834063,uptrend
2025-01-10 00:00:00,101.39,101.9,100.26,100.77,3763,99.16600000000001,96.8105,-0.6115001479435889,0.9268457291662195,uptrend
2025-01-10 01:00:00,100.77,100.99,99.63,100.58,315,99.73499999999999,97.1225,-0.18854817902153043,0.9333410038420127,uptrend
2025-01-10 02:00:00,100.58,101.54,99.96,100.19,438,100.224,97.4125,-0.38775104394511706,0.9452253415473082,uptrend
2025-01-10 03:00:00,100.19,100.91,99.57,100.26,4162,100.411,97.7515,0.06986725222077883,0.8994544701829574,uptrend
2025-01-10 04:00:00,100.26,102.42,99.7,102.11,2808,100.738,98.16900000000001,1.845202473568719,0.9589202692455487,uptrend
2025-01-10 05:00:00,102.11,102.82,99.97,100.62,3252,100.825,98.48949999999999,-1.459210655175791,1.0477192290651443,uptrend
2025-01-10 06:00:00,100.62,101.82,100.5,101.17,1850,100.89099999999999,98.79400000000001,0.5466110117272827,1.0399355998567643,uptrend
2025-01-10 07:00:00,101.17,101.59,98.99,99.88,2521,100.775,98.99199999999999,-1.2750815459128262,1.0888038046457618,uptrend
2025-01-10 08:00:00,99.88,100.08,98.56,99.5,809,100.64699999999999,99.226,-0.3804565478574218,1.0514587550684202,uptrend
2025-01-10 09:00:00,99.5,101.07,98.89,100.37,3826,100.54499999999999,99.54100000000001,0.8743718592964855,1.0307213213602153,uptrend
2025-01-10 10:00:00,100.37,100.99,99.64,100.42,3742,100.51,99.838,0.049815681976683734,1.0322413220349829,uptrend
2025-01-10 11:00:00,100.42,101.22,98.63,99.56,4093,100.40799999999999,100.0715,-0.8564031069508093,1.0639474492820316,downtrend
2025-01-10 12:00:00,99.56,100.13,98.25,98.99,588,100.288,100.256,-0.5725190839694694,1.0783087424874853,downtrend
2025-01-10 13:00:00,98.99,100.4,98.75,99.53,146,100.215,100.313,0.5455096474391352,0.8133129138898939,downtrend
2025-01-10 14:00:00,99.53,100.13,98.33,98.95,3459,99.899,100.3185,-0.5827388727016936,0.8198452237720546,downtrend
2025-01-10 15:00:00,98.95,99.72,98.3,99.12,4973,99.749,100.287,0.1718039413845407,0.7926540616888492,downtrend
2025-01-10 16:00:00,99.12,100.05,98.64,99.16,4906,99.548,100.21950000000001,0.04035512510087713,0.7708983182612906,downtrend
2025-01-10 17:00:00,99.16,99.62,97.87,98.63,500,99.423,100.099,-0.5344897135941884,0.764512416506684,downtrend
2025-01-10 18:00:00,98.63,100.57,97.69,100.35,4090,99.50800000000001,100.07750000000001,1.743891310960155,0.8691051516815258,uptrend
2025-01-10 19:00:00,100.35,100.98,99.42,100.86,3257,99.557,100.051,0.5082212257100149,0.8657072468417767,uptrend
2025-01-10 20:00:00,100.86,101.64,98.73,99.24,4445,99.439,99.9745,-1.6061867935752594,0.9276711361661059,downtrend
2025-01-10 21:00:00,99.24,100.04,99.04,99.39,490,99.422,99.91499999999999,0.15114873035066978,0.9285417534169014,downtrend
2025-01-10 22:00:00,99.39,100.12,97.87,98.86,3953,99.409,99.8485,-0.533252842338261,0.9318468640798975,downtrend
2025-01-10 23:00:00,98.86,99.83,98.0,99.54,4530,99.41,99.8125,0.6878413918672832,0.9466019091979877,downtrend
2025-01-11 00:00:00,99.54,99.76,98.69,98.9,728,99.405,99.652,-0.6429576049829189,0.8449847216104175,downtrend
2025-01-11 01:00:00,98.9,99.02,97.88,98.81,4332,99.374,99.5615,-0.09100101112234915,0.7873593876351382,downtrend
2025-01-11 02:00:00,98.81,99.63,97.93,99.22,3030,99.38000000000001,99.464,0.4149377593360981,0.7823099630836771,downtrend
2025-01-11 03:00:00,99.22,100.54,98.65,99.91,1621,99.50800000000001,99.46549999999999,0.6954243096150003,0.7491636750032202,uptrend
2025-01-11 04:00:00,99.91,100.36,98.32,98.95,926,99.36800000000001,99.438,-0.9608647783004631,0.7756214477283458,downtrend
2025-01-11 05:00:00,98.95,99.44,98.22,98.68,4922,99.15,99.3535,-0.2728650833754398,0.7475319821847526,downtrend
2025-01-11 06:00:00,98.68,99.6,98.15,98.3,1600,99.056,99.2475,-0.38508309687881326,0.7498110661869885,downtrend
2025-01-11 07:00:00,98.3,98.72,97.38,97.78,3394,98.89500000000001,99.15849999999999,-0.528992878942014,0.7359647962580781,downtrend
2025-01-11 08:00:00,97.78,99.75,96.96,99.19,2519,98.928,99.1685,1.4420126815299694,0.8010800068680083,uptrend
2025-01-11 09:00:00,99.19,100.32,99.09,99.52,1034,98.926,99.16799999999999,0.33269482810767137,0.7950268405925734,uptrend
